sl_no,ssc_p,hsc_p,degree_p,etest_p,mba_p,salary,gender,ssc_b,hsc_b,hsc_s,degree_t,workex,specialisation,status
1.0,67.0,91.0,58.0,55.0,58.8,270000.0,M,Others,Others,Commerce,Sci&Tech,No,Mkt&HR,Placed
2.0,79.33,78.33,77.48,86.5,66.28,200000.0,M,Central,Others,Science,Sci&Tech,Yes,Mkt&Fin,Placed
3.0,65.0,68.0,64.0,75.0,57.8,250000.0,M,Central,Central,Arts,Comm&Mgmt,No,Mkt&Fin,Placed
4.0,56.0,52.0,52.0,66.0,59.43,288655.4054054054,M,Central,Central,Science,Sci&Tech,No,Mkt&HR,Not Placed
5.0,85.8,73.6,73.3,96.8,55.5,425000.0,M,Central,Central,Commerce,Comm&Mgmt,No,Mkt&Fin,Placed
6.0,55.0,49.8,67.25,55.0,51.58,288655.4054054054,M,Others,Others,Science,Sci&Tech,Yes,Mkt&Fin,Not Placed
7.0,46.0,49.2,79.0,74.28,53.29,288655.4054054054,F,Others,Others,Commerce,Comm&Mgmt,No,Mkt&Fin,Not Placed
8.0,82.0,64.0,66.0,67.0,62.14,252000.0,M,Central,Central,Science,Sci&Tech,Yes,Mkt&Fin,Placed
9.0,73.0,79.0,72.0,91.34,61.29,231000.0,M,Central,Central,Commerce,Comm&Mgmt,No,Mkt&Fin,Placed
10.0,58.0,70.0,61.0,54.0,52.21,288655.4054054054,M,Central,Central,Commerce,Comm&Mgmt,No,Mkt&Fin,Not Placed
11.0,58.0,61.0,60.0,62.0,60.85,260000.0,M,Central,Central,Commerce,Comm&Mgmt,Yes,Mkt&HR,Placed
12.0,69.6,68.4,78.3,60.0,63.7,250000.0,M,Central,Central,Commerce,Comm&Mgmt,Yes,Mkt&Fin,Placed
13.0,47.0,55.0,65.0,62.0,65.04,288655.4054054054,F,Central,Others,Science,Comm&Mgmt,No,Mkt&HR,Not Placed
14.0,77.0,87.0,59.0,68.0,68.63,218000.0,F,Central,Central,Commerce,Comm&Mgmt,No,Mkt&Fin,Placed
15.0,62.0,47.0,50.0,76.0,54.96,288655.4054054054,M,Central,Central,Commerce,Comm&Mgmt,No,Mkt&HR,Not Placed
16.0,65.0,75.0,69.0,72.0,64.66,200000.0,F,Central,Central,Commerce,Comm&Mgmt,Yes,Mkt&Fin,Placed
17.0,63.0,66.2,65.6,60.0,62.54,300000.0,M,Central,Central,Commerce,Comm&Mgmt,Yes,Mkt&Fin,Placed
18.0,55.0,67.0,64.0,60.0,67.28,288655.4054054054,F,Central,Central,Commerce,Comm&Mgmt,No,Mkt&Fin,Not Placed
19.0,63.0,66.0,64.0,68.0,64.08,288655.4054054054,F,Central,Central,Commerce,Comm&Mgmt,No,Mkt&HR,Not Placed
20.0,60.0,67.0,70.0,50.48,77.89,236000.0,M,Others,Others,Arts,Comm&Mgmt,Yes,Mkt&Fin,Placed
21.0,62.0,65.0,66.0,50.0,56.7,265000.0,M,Others,Others,Commerce,Comm&Mgmt,No,Mkt&HR,Placed
22.0,79.0,76.0,85.0,95.0,69.06,393000.0,F,Others,Others,Commerce,Comm&Mgmt,No,Mkt&Fin,Placed
23.0,69.8,60.8,72.23,55.53,68.81,360000.0,F,Others,Others,Science,Sci&Tech,No,Mkt&HR,Placed
24.0,77.4,60.0,64.74,92.0,63.62,300000.0,F,Others,Others,Science,Sci&Tech,Yes,Mkt&Fin,Placed
25.0,76.5,97.7,78.86,97.4,74.01,360000.0,M,Others,Others,Science,Sci&Tech,No,Mkt&Fin,Placed
26.0,52.58,54.6,50.2,76.0,65.33,288655.4054054054,F,Others,Central,Commerce,Comm&Mgmt,Yes,Mkt&Fin,Not Placed
27.0,71.0,79.0,66.0,94.0,57.55,240000.0,M,Others,Others,Commerce,Comm&Mgmt,Yes,Mkt&Fin,Placed
28.0,63.0,67.0,66.0,68.0,57.69,265000.0,M,Others,Others,Commerce,Comm&Mgmt,No,Mkt&HR,Placed
29.0,76.76,76.5,67.5,73.35,64.15,350000.0,M,Others,Others,Commerce,Comm&Mgmt,Yes,Mkt&Fin,Placed
30.0,62.0,67.0,58.0,77.0,51.29,288655.4054054054,M,Central,Central,Commerce,Comm&Mgmt,No,Mkt&Fin,Not Placed
31.0,64.0,73.5,73.0,52.0,56.7,250000.0,F,Central,Central,Commerce,Comm&Mgmt,No,Mkt&HR,Placed
32.0,67.0,53.0,65.0,64.0,58.32,288655.4054054054,F,Central,Central,Science,Sci&Tech,No,Mkt&HR,Not Placed
33.0,61.0,81.0,66.4,50.89,62.21,278000.0,F,Central,Central,Commerce,Comm&Mgmt,No,Mkt&HR,Placed
34.0,87.0,65.0,81.0,88.0,72.78,260000.0,F,Others,Others,Science,Comm&Mgmt,Yes,Mkt&Fin,Placed
35.0,62.0,51.0,52.0,68.44,62.77,288655.4054054054,M,Others,Others,Science,Others,No,Mkt&HR,Not Placed
36.0,69.0,78.0,72.0,71.0,62.74,300000.0,F,Central,Central,Commerce,Comm&Mgmt,No,Mkt&HR,Placed
37.0,51.0,44.0,57.0,64.0,51.45,288655.4054054054,M,Central,Central,Commerce,Comm&Mgmt,No,Mkt&Fin,Not Placed
38.0,79.0,76.0,65.6,58.0,55.47,320000.0,F,Central,Central,Science,Sci&Tech,No,Mkt&HR,Placed
39.0,73.0,58.0,66.0,53.7,56.86,240000.0,F,Others,Others,Science,Comm&Mgmt,No,Mkt&HR,Placed
40.0,81.0,68.0,64.0,93.0,62.56,411000.0,M,Others,Others,Science,Sci&Tech,No,Mkt&Fin,Placed
41.0,78.0,77.0,80.0,60.0,66.72,287000.0,F,Central,Others,Commerce,Comm&Mgmt,No,Mkt&Fin,Placed
42.0,74.0,63.16,65.0,65.0,69.76,288655.4054054054,F,Others,Others,Commerce,Comm&Mgmt,Yes,Mkt&HR,Not Placed
43.0,49.0,39.0,65.0,63.0,51.21,288655.4054054054,M,Others,Central,Science,Others,No,Mkt&Fin,Not Placed
44.0,87.0,87.0,68.0,95.0,62.9,300000.0,M,Others,Others,Commerce,Comm&Mgmt,No,Mkt&HR,Placed
45.0,77.0,73.0,81.0,89.0,69.7,200000.0,F,Others,Others,Commerce,Comm&Mgmt,Yes,Mkt&Fin,Placed
46.0,76.0,64.0,72.0,58.0,66.53,288655.4054054054,F,Central,Central,Science,Sci&Tech,No,Mkt&HR,Not Placed
47.0,70.89,71.98,65.6,68.0,71.63,288655.4054054054,F,Others,Others,Science,Comm&Mgmt,No,Mkt&HR,Not Placed
48.0,63.0,60.0,57.0,78.0,54.55,204000.0,M,Central,Central,Commerce,Comm&Mgmt,Yes,Mkt&Fin,Placed
49.0,63.0,62.0,68.0,64.0,62.46,250000.0,M,Others,Others,Commerce,Comm&Mgmt,No,Mkt&Fin,Placed
50.0,50.0,37.0,52.0,65.0,56.11,288655.4054054054,F,Others,Others,Arts,Others,No,Mkt&HR,Not Placed
51.0,75.2,73.2,68.4,65.0,62.98,200000.0,F,Central,Central,Science,Comm&Mgmt,No,Mkt&HR,Placed
52.0,54.4,61.12,56.2,67.0,62.65,288655.4054054054,M,Central,Central,Commerce,Comm&Mgmt,No,Mkt&HR,Not Placed
53.0,40.89,45.83,53.0,71.2,65.49,288655.4054054054,F,Others,Others,Commerce,Comm&Mgmt,No,Mkt&HR,Not Placed
54.0,80.0,70.0,72.0,87.0,71.04,450000.0,M,Others,Others,Science,Sci&Tech,No,Mkt&HR,Placed
55.0,74.0,60.0,69.0,78.0,65.56,216000.0,F,Central,Others,Science,Comm&Mgmt,No,Mkt&HR,Placed
56.0,60.4,66.6,65.0,71.0,52.71,220000.0,M,Central,Others,Science,Comm&Mgmt,No,Mkt&HR,Placed
57.0,63.0,71.4,61.4,68.0,66.88,240000.0,M,Others,Others,Commerce,Comm&Mgmt,No,Mkt&Fin,Placed
58.0,68.0,76.0,74.0,80.0,63.59,360000.0,M,Central,Central,Commerce,Comm&Mgmt,No,Mkt&Fin,Placed
59.0,74.0,62.0,68.0,74.0,57.99,268000.0,M,Central,Others,Science,Comm&Mgmt,No,Mkt&Fin,Placed
60.0,52.6,65.58,72.11,57.6,56.66,265000.0,M,Central,Others,Science,Sci&Tech,No,Mkt&Fin,Placed
61.0,74.0,70.0,72.0,60.0,57.24,260000.0,M,Central,Central,Science,Comm&Mgmt,Yes,Mkt&Fin,Placed
62.0,84.2,73.4,66.89,61.6,62.48,300000.0,M,Central,Central,Commerce,Comm&Mgmt,No,Mkt&Fin,Placed
63.0,86.5,64.2,67.4,59.0,59.69,240000.0,F,Others,Others,Science,Sci&Tech,No,Mkt&Fin,Placed
64.0,61.0,70.0,64.0,68.5,59.5,288655.4054054054,M,Others,Others,Commerce,Comm&Mgmt,No,Mkt&HR,Not Placed
65.0,80.0,73.0,75.0,61.0,58.78,240000.0,M,Others,Others,Commerce,Comm&Mgmt,No,Mkt&Fin,Placed
66.0,54.0,47.0,57.0,89.69,57.1,288655.4054054054,M,Others,Others,Science,Comm&Mgmt,No,Mkt&HR,Not Placed
67.0,83.0,74.0,66.0,68.92,58.46,275000.0,M,Others,Others,Science,Comm&Mgmt,No,Mkt&HR,Placed
68.0,80.92,78.5,67.0,68.71,60.99,275000.0,M,Others,Others,Commerce,Comm&Mgmt,No,Mkt&Fin,Placed
69.0,69.7,47.0,72.7,79.0,59.24,288655.4054054054,F,Central,Central,Commerce,Sci&Tech,No,Mkt&HR,Not Placed
70.0,73.0,73.0,66.0,70.0,68.07,275000.0,M,Central,Central,Science,Sci&Tech,Yes,Mkt&Fin,Placed
71.0,82.0,61.0,62.0,89.0,65.45,360000.0,M,Others,Others,Science,Sci&Tech,No,Mkt&Fin,Placed
72.0,75.0,70.29,71.0,95.0,66.94,240000.0,M,Others,Others,Commerce,Comm&Mgmt,No,Mkt&Fin,Placed
73.0,84.86,67.0,78.0,95.5,68.53,240000.0,M,Others,Others,Science,Comm&Mgmt,No,Mkt&Fin,Placed
74.0,64.6,83.83,71.72,86.0,59.75,218000.0,M,Central,Others,Commerce,Comm&Mgmt,No,Mkt&Fin,Placed
75.0,56.6,64.8,70.2,84.27,67.2,336000.0,M,Central,Central,Commerce,Comm&Mgmt,No,Mkt&Fin,Placed
76.0,59.0,62.0,77.5,74.0,67.0,288655.4054054054,F,Central,Others,Commerce,Comm&Mgmt,No,Mkt&HR,Not Placed
77.0,66.5,70.4,71.93,61.0,64.27,230000.0,F,Others,Central,Arts,Comm&Mgmt,No,Mkt&Fin,Placed
78.0,64.0,80.0,65.0,69.0,57.65,500000.0,M,Others,Others,Science,Sci&Tech,Yes,Mkt&Fin,Placed
79.0,84.0,90.9,64.5,86.04,59.42,270000.0,M,Others,Others,Science,Sci&Tech,No,Mkt&Fin,Placed
80.0,69.0,62.0,66.0,75.0,67.99,288655.4054054054,F,Central,Central,Science,Sci&Tech,No,Mkt&HR,Not Placed
81.0,69.0,62.0,69.0,67.0,62.35,240000.0,F,Others,Others,Commerce,Comm&Mgmt,Yes,Mkt&HR,Placed
82.0,81.7,63.0,67.0,86.0,70.2,300000.0,M,Others,Others,Science,Comm&Mgmt,Yes,Mkt&Fin,Placed
83.0,63.0,67.0,74.0,82.0,60.44,288655.4054054054,M,Central,Central,Commerce,Comm&Mgmt,No,Mkt&Fin,Not Placed
84.0,84.0,79.0,68.0,84.0,66.69,300000.0,M,Others,Others,Science,Sci&Tech,Yes,Mkt&Fin,Placed
85.0,70.0,63.0,70.0,55.0,62.0,300000.0,M,Central,Others,Science,Sci&Tech,Yes,Mkt&Fin,Placed
86.0,83.84,89.83,77.2,78.74,76.18,400000.0,F,Others,Others,Commerce,Comm&Mgmt,Yes,Mkt&Fin,Placed
87.0,62.0,63.0,64.0,67.0,57.03,220000.0,M,Others,Others,Commerce,Comm&Mgmt,No,Mkt&Fin,Placed
88.0,59.6,51.0,60.0,75.0,59.08,288655.4054054054,M,Central,Central,Science,Others,No,Mkt&HR,Not Placed
89.0,66.0,62.0,73.0,58.0,64.36,210000.0,F,Central,Central,Commerce,Comm&Mgmt,No,Mkt&HR,Placed
90.0,84.0,75.0,69.0,62.0,62.36,210000.0,F,Others,Others,Science,Sci&Tech,Yes,Mkt&HR,Placed
91.0,85.0,90.0,82.0,92.0,68.03,300000.0,F,Others,Others,Commerce,Comm&Mgmt,No,Mkt&Fin,Placed
92.0,52.0,57.0,50.8,67.0,62.79,288655.4054054054,M,Central,Central,Commerce,Comm&Mgmt,No,Mkt&HR,Not Placed
93.0,60.23,69.0,66.0,72.0,59.47,230000.0,F,Central,Central,Science,Comm&Mgmt,No,Mkt&Fin,Placed
94.0,52.0,62.0,54.0,72.0,55.41,288655.4054054054,M,Central,Central,Commerce,Comm&Mgmt,No,Mkt&HR,Not Placed
95.0,58.0,62.0,64.0,53.88,54.97,260000.0,M,Central,Central,Commerce,Comm&Mgmt,No,Mkt&Fin,Placed
96.0,73.0,78.0,65.0,95.46,62.16,420000.0,M,Central,Others,Commerce,Comm&Mgmt,Yes,Mkt&Fin,Placed
97.0,76.0,70.0,76.0,66.0,64.44,300000.0,F,Central,Central,Science,Comm&Mgmt,Yes,Mkt&Fin,Placed
98.0,70.5,62.5,61.0,93.91,69.03,288655.4054054054,F,Central,Others,Commerce,Comm&Mgmt,No,Mkt&Fin,Not Placed
99.0,69.0,73.0,65.0,70.0,57.31,220000.0,F,Central,Central,Commerce,Comm&Mgmt,No,Mkt&Fin,Placed
100.0,54.0,82.0,63.0,50.0,59.47,288655.4054054054,M,Central,Others,Commerce,Sci&Tech,No,Mkt&Fin,Not Placed
101.0,45.0,57.0,58.0,56.39,64.95,288655.4054054054,F,Others,Others,Commerce,Comm&Mgmt,Yes,Mkt&HR,Not Placed
102.0,63.0,72.0,68.0,78.0,60.44,380000.0,M,Central,Central,Commerce,Comm&Mgmt,No,Mkt&HR,Placed
103.0,77.0,61.0,68.0,57.5,61.31,300000.0,F,Others,Others,Commerce,Comm&Mgmt,Yes,Mkt&Fin,Placed
104.0,73.0,78.0,73.0,85.0,65.83,240000.0,M,Central,Central,Science,Sci&Tech,Yes,Mkt&HR,Placed
105.0,69.0,63.0,65.0,55.0,58.23,360000.0,M,Central,Others,Science,Comm&Mgmt,Yes,Mkt&HR,Placed
106.0,59.0,64.0,58.0,85.0,55.3,288655.4054054054,M,Central,Others,Science,Sci&Tech,No,Mkt&HR,Not Placed
107.0,61.08,50.0,54.0,71.0,65.69,288655.4054054054,M,Others,Others,Science,Sci&Tech,No,Mkt&Fin,Not Placed
108.0,82.0,90.0,83.0,80.0,73.52,200000.0,M,Others,Others,Commerce,Comm&Mgmt,No,Mkt&HR,Placed
109.0,61.0,82.0,69.0,84.0,58.31,300000.0,M,Central,Central,Commerce,Comm&Mgmt,No,Mkt&Fin,Placed
110.0,52.0,63.0,65.0,86.0,56.09,288655.4054054054,M,Central,Others,Science,Sci&Tech,Yes,Mkt&HR,Not Placed
111.0,69.5,70.0,72.0,57.2,54.8,250000.0,F,Central,Central,Science,Sci&Tech,No,Mkt&HR,Placed
112.0,51.0,54.0,61.0,60.0,60.64,288655.4054054054,M,Others,Others,Science,Sci&Tech,No,Mkt&HR,Not Placed
113.0,58.0,61.0,61.0,58.0,53.94,250000.0,M,Others,Others,Commerce,Comm&Mgmt,No,Mkt&HR,Placed
114.0,73.96,79.0,67.0,72.15,63.08,280000.0,F,Others,Others,Commerce,Comm&Mgmt,No,Mkt&Fin,Placed
115.0,65.0,68.0,69.0,53.7,55.01,250000.0,M,Central,Others,Science,Comm&Mgmt,No,Mkt&HR,Placed
116.0,73.0,63.0,66.0,89.0,60.5,216000.0,F,Others,Others,Science,Comm&Mgmt,No,Mkt&Fin,Placed
117.0,68.2,72.8,66.6,96.0,70.85,300000.0,M,Central,Central,Commerce,Comm&Mgmt,Yes,Mkt&Fin,Placed
118.0,77.0,75.0,73.0,80.0,67.05,240000.0,M,Others,Others,Science,Sci&Tech,No,Mkt&Fin,Placed
119.0,76.0,80.0,78.0,97.0,70.48,276000.0,M,Central,Central,Science,Sci&Tech,Yes,Mkt&HR,Placed
120.0,60.8,68.4,64.6,82.66,64.34,940000.0,M,Central,Central,Commerce,Comm&Mgmt,Yes,Mkt&Fin,Placed
121.0,58.0,40.0,59.0,73.0,58.81,288655.4054054054,M,Others,Others,Science,Comm&Mgmt,No,Mkt&HR,Not Placed
122.0,64.0,67.0,69.6,55.67,71.49,250000.0,F,Central,Others,Science,Sci&Tech,Yes,Mkt&HR,Placed
123.0,66.5,66.8,69.3,80.4,71.0,236000.0,F,Central,Central,Arts,Comm&Mgmt,Yes,Mkt&Fin,Placed
124.0,74.0,59.0,73.0,60.0,56.7,240000.0,M,Others,Others,Commerce,Comm&Mgmt,Yes,Mkt&HR,Placed
125.0,67.0,71.0,64.33,64.0,61.26,250000.0,M,Central,Central,Science,Others,Yes,Mkt&HR,Placed
126.0,84.0,73.0,73.0,75.0,73.33,350000.0,F,Central,Central,Commerce,Comm&Mgmt,No,Mkt&Fin,Placed
127.0,79.0,61.0,75.5,70.0,68.2,210000.0,F,Others,Others,Science,Sci&Tech,Yes,Mkt&Fin,Placed
128.0,72.0,60.0,69.0,55.5,58.4,250000.0,F,Others,Others,Science,Comm&Mgmt,No,Mkt&HR,Placed
129.0,80.4,73.4,77.72,81.2,76.26,400000.0,M,Central,Central,Science,Sci&Tech,Yes,Mkt&HR,Placed
130.0,76.7,89.7,66.0,90.0,68.55,250000.0,M,Central,Others,Commerce,Comm&Mgmt,Yes,Mkt&Fin,Placed
131.0,62.0,65.0,60.0,84.0,64.15,288655.4054054054,M,Central,Others,Commerce,Comm&Mgmt,No,Mkt&Fin,Not Placed
132.0,74.9,57.0,62.0,80.0,60.78,360000.0,F,Others,Others,Science,Others,Yes,Mkt&Fin,Placed
133.0,67.0,68.0,64.0,74.4,53.49,300000.0,M,Others,Others,Commerce,Comm&Mgmt,Yes,Mkt&HR,Placed
134.0,73.0,64.0,77.0,65.0,60.98,250000.0,M,Central,Others,Commerce,Comm&Mgmt,Yes,Mkt&HR,Placed
135.0,77.44,92.0,72.0,94.0,67.13,250000.0,F,Central,Others,Commerce,Comm&Mgmt,Yes,Mkt&Fin,Placed
136.0,72.0,56.0,69.0,55.6,65.63,200000.0,F,Central,Others,Science,Comm&Mgmt,No,Mkt&HR,Placed
137.0,47.0,59.0,64.0,78.0,61.58,288655.4054054054,F,Central,Central,Arts,Comm&Mgmt,No,Mkt&Fin,Not Placed
138.0,67.0,63.0,72.0,56.0,60.41,225000.0,M,Others,Central,Commerce,Comm&Mgmt,No,Mkt&HR,Placed
139.0,82.0,64.0,73.0,96.0,71.77,250000.0,F,Others,Others,Science,Sci&Tech,Yes,Mkt&Fin,Placed
140.0,77.0,70.0,59.0,58.0,54.43,220000.0,M,Central,Central,Commerce,Comm&Mgmt,Yes,Mkt&Fin,Placed
141.0,65.0,64.8,69.5,56.0,56.94,265000.0,M,Central,Others,Commerce,Comm&Mgmt,Yes,Mkt&Fin,Placed
142.0,66.0,64.0,60.0,60.0,61.9,288655.4054054054,M,Central,Central,Science,Comm&Mgmt,No,Mkt&HR,Not Placed
143.0,85.0,60.0,73.43,60.0,61.29,260000.0,M,Central,Others,Science,Sci&Tech,Yes,Mkt&Fin,Placed
144.0,77.67,64.89,70.67,89.0,60.39,300000.0,M,Others,Others,Commerce,Comm&Mgmt,No,Mkt&Fin,Placed
145.0,52.0,50.0,61.0,60.0,58.52,288655.4054054054,M,Others,Others,Arts,Comm&Mgmt,No,Mkt&Fin,Not Placed
146.0,89.4,65.66,71.25,72.0,63.23,400000.0,M,Others,Others,Science,Sci&Tech,No,Mkt&HR,Placed
147.0,62.0,63.0,66.0,85.0,55.14,233000.0,M,Central,Others,Science,Comm&Mgmt,No,Mkt&HR,Placed
148.0,70.0,74.0,65.0,83.0,62.28,300000.0,M,Central,Central,Commerce,Comm&Mgmt,No,Mkt&Fin,Placed
149.0,77.0,86.0,56.0,57.0,64.08,240000.0,F,Central,Central,Arts,Others,No,Mkt&Fin,Placed
150.0,44.0,58.0,55.0,64.25,58.54,288655.4054054054,M,Central,Central,Arts,Comm&Mgmt,Yes,Mkt&HR,Not Placed
151.0,71.0,58.66,58.0,56.0,61.3,690000.0,M,Central,Central,Science,Sci&Tech,Yes,Mkt&Fin,Placed
152.0,65.0,65.0,75.0,83.0,58.87,270000.0,M,Central,Central,Commerce,Comm&Mgmt,No,Mkt&Fin,Placed
153.0,75.4,60.5,84.0,98.0,65.25,240000.0,F,Others,Central,Science,Sci&Tech,No,Mkt&Fin,Placed
154.0,49.0,59.0,65.0,86.0,62.48,340000.0,M,Others,Others,Science,Sci&Tech,Yes,Mkt&Fin,Placed
155.0,53.0,63.0,60.0,70.0,53.2,250000.0,M,Central,Others,Science,Comm&Mgmt,Yes,Mkt&Fin,Placed
156.0,51.57,74.66,59.9,56.15,65.99,288655.4054054054,M,Others,Others,Commerce,Comm&Mgmt,Yes,Mkt&HR,Not Placed
157.0,84.2,69.4,65.0,80.0,52.72,255000.0,M,Central,Central,Science,Sci&Tech,Yes,Mkt&HR,Placed
158.0,66.5,62.5,60.9,93.4,55.03,300000.0,M,Central,Central,Commerce,Comm&Mgmt,No,Mkt&Fin,Placed
159.0,67.0,63.0,64.0,60.0,61.87,288655.4054054054,M,Others,Others,Science,Sci&Tech,No,Mkt&Fin,Not Placed
160.0,52.0,49.0,58.0,62.0,60.59,288655.4054054054,M,Central,Others,Commerce,Comm&Mgmt,No,Mkt&HR,Not Placed
161.0,87.0,74.0,65.0,75.0,72.29,300000.0,M,Central,Central,Science,Sci&Tech,Yes,Mkt&HR,Placed
162.0,55.6,51.0,57.5,57.63,62.72,288655.4054054054,M,Others,Others,Commerce,Comm&Mgmt,No,Mkt&HR,Not Placed
163.0,74.2,87.6,77.25,75.2,66.06,285000.0,M,Central,Others,Commerce,Comm&Mgmt,Yes,Mkt&Fin,Placed
164.0,63.0,67.0,64.0,75.0,66.46,500000.0,M,Others,Others,Science,Sci&Tech,No,Mkt&Fin,Placed
165.0,67.16,72.5,63.35,53.04,65.52,250000.0,F,Central,Central,Commerce,Comm&Mgmt,No,Mkt&Fin,Placed
166.0,63.3,78.33,74.0,80.0,74.56,288655.4054054054,F,Central,Others,Commerce,Comm&Mgmt,No,Mkt&Fin,Not Placed
167.0,62.0,62.0,60.0,63.0,52.38,240000.0,M,Others,Others,Commerce,Comm&Mgmt,Yes,Mkt&HR,Placed
168.0,67.9,62.0,67.0,58.1,75.71,288655.4054054054,M,Others,Others,Science,Sci&Tech,Yes,Mkt&Fin,Not Placed
169.0,48.0,51.0,58.0,60.0,58.79,288655.4054054054,F,Central,Central,Commerce,Comm&Mgmt,Yes,Mkt&HR,Not Placed
170.0,59.96,42.16,61.26,54.48,65.48,288655.4054054054,M,Others,Others,Science,Sci&Tech,No,Mkt&HR,Not Placed
171.0,63.4,67.2,60.0,58.06,69.28,288655.4054054054,F,Others,Others,Commerce,Comm&Mgmt,No,Mkt&HR,Not Placed
172.0,80.0,80.0,72.0,63.79,66.04,290000.0,M,Others,Others,Commerce,Comm&Mgmt,Yes,Mkt&Fin,Placed
173.0,73.0,58.0,56.0,84.0,52.64,300000.0,M,Others,Others,Commerce,Comm&Mgmt,No,Mkt&HR,Placed
174.0,52.0,52.0,55.0,67.0,59.32,288655.4054054054,F,Others,Others,Science,Sci&Tech,No,Mkt&HR,Not Placed
175.0,73.24,50.83,64.27,64.0,66.23,500000.0,M,Others,Others,Science,Sci&Tech,Yes,Mkt&Fin,Placed
176.0,63.0,62.0,65.0,87.5,60.69,288655.4054054054,M,Others,Others,Science,Sci&Tech,No,Mkt&HR,Not Placed
177.0,59.0,60.0,56.0,55.0,57.9,220000.0,F,Central,Others,Commerce,Comm&Mgmt,No,Mkt&HR,Placed
178.0,73.0,97.0,79.0,89.0,70.81,650000.0,F,Central,Others,Commerce,Comm&Mgmt,Yes,Mkt&Fin,Placed
179.0,68.0,56.0,68.0,73.0,68.07,350000.0,M,Others,Others,Science,Sci&Tech,No,Mkt&HR,Placed
180.0,77.8,64.0,64.2,75.5,72.14,288655.4054054054,F,Central,Central,Science,Sci&Tech,No,Mkt&HR,Not Placed
181.0,65.0,71.5,62.8,57.0,56.6,265000.0,M,Central,Others,Commerce,Comm&Mgmt,Yes,Mkt&Fin,Placed
182.0,62.0,60.33,64.21,63.0,60.02,288655.4054054054,M,Central,Others,Science,Sci&Tech,No,Mkt&HR,Not Placed
183.0,52.0,65.0,57.0,75.0,59.81,288655.4054054054,M,Others,Others,Arts,Others,Yes,Mkt&Fin,Not Placed
184.0,65.0,77.0,69.0,60.0,61.82,276000.0,M,Central,Central,Commerce,Comm&Mgmt,No,Mkt&HR,Placed
185.0,56.28,62.83,59.79,60.0,57.29,288655.4054054054,F,Others,Others,Commerce,Comm&Mgmt,No,Mkt&HR,Not Placed
186.0,88.0,72.0,78.0,82.0,71.43,252000.0,F,Central,Central,Science,Others,No,Mkt&HR,Placed
187.0,52.0,64.0,61.0,55.0,62.93,288655.4054054054,F,Central,Central,Commerce,Comm&Mgmt,No,Mkt&Fin,Not Placed
188.0,78.5,65.5,67.0,95.0,64.86,280000.0,M,Central,Central,Science,Sci&Tech,Yes,Mkt&Fin,Placed
189.0,61.8,47.0,54.38,57.0,56.13,288655.4054054054,M,Others,Others,Commerce,Comm&Mgmt,No,Mkt&Fin,Not Placed
190.0,54.0,77.6,69.2,95.65,66.94,288655.4054054054,F,Central,Others,Commerce,Comm&Mgmt,No,Mkt&Fin,Not Placed
191.0,64.0,70.2,61.0,50.0,62.5,288655.4054054054,F,Others,Central,Commerce,Comm&Mgmt,No,Mkt&Fin,Not Placed
192.0,67.0,61.0,72.0,72.0,61.01,264000.0,M,Others,Central,Science,Comm&Mgmt,No,Mkt&Fin,Placed
193.0,65.2,61.4,64.8,93.4,57.34,270000.0,M,Central,Central,Commerce,Comm&Mgmt,Yes,Mkt&Fin,Placed
194.0,60.0,63.0,56.0,80.0,56.63,300000.0,F,Central,Central,Arts,Others,Yes,Mkt&HR,Placed
195.0,52.0,55.0,56.3,59.0,64.74,288655.4054054054,M,Others,Others,Commerce,Comm&Mgmt,No,Mkt&Fin,Not Placed
196.0,66.0,76.0,72.0,84.0,58.95,275000.0,M,Central,Central,Commerce,Comm&Mgmt,Yes,Mkt&HR,Placed
197.0,72.0,63.0,77.5,78.0,54.48,250000.0,M,Others,Others,Science,Sci&Tech,Yes,Mkt&Fin,Placed
198.0,83.96,53.0,91.0,59.32,69.71,260000.0,F,Others,Others,Science,Sci&Tech,No,Mkt&HR,Placed
199.0,67.0,70.0,65.0,88.0,71.96,288655.4054054054,F,Central,Central,Commerce,Others,No,Mkt&HR,Not Placed
200.0,69.0,65.0,57.0,73.0,55.8,265000.0,M,Others,Others,Commerce,Comm&Mgmt,No,Mkt&HR,Placed
201.0,69.0,60.0,65.0,87.55,52.81,300000.0,M,Others,Others,Commerce,Comm&Mgmt,No,Mkt&Fin,Placed
202.0,54.2,63.0,58.0,79.0,58.44,288655.4054054054,M,Central,Others,Science,Comm&Mgmt,No,Mkt&HR,Not Placed
203.0,70.0,63.0,66.0,61.28,60.11,240000.0,M,Central,Central,Science,Sci&Tech,No,Mkt&HR,Placed
204.0,55.68,61.33,56.87,66.0,58.3,260000.0,M,Others,Others,Commerce,Comm&Mgmt,No,Mkt&HR,Placed
205.0,74.0,73.0,73.0,80.0,67.69,210000.0,F,Others,Others,Commerce,Comm&Mgmt,Yes,Mkt&Fin,Placed
206.0,61.0,62.0,65.0,62.0,56.81,250000.0,M,Others,Others,Commerce,Comm&Mgmt,No,Mkt&Fin,Placed
207.0,41.0,42.0,60.0,97.0,53.39,288655.4054054054,M,Central,Central,Science,Comm&Mgmt,No,Mkt&Fin,Not Placed
208.0,83.33,78.0,61.0,88.56,71.55,300000.0,M,Central,Others,Commerce,Comm&Mgmt,Yes,Mkt&Fin,Placed
209.0,43.0,60.0,65.0,92.66,62.92,288655.4054054054,F,Central,Others,Science,Comm&Mgmt,No,Mkt&HR,Not Placed
210.0,62.0,72.0,65.0,67.0,56.49,216000.0,M,Central,Central,Commerce,Comm&Mgmt,No,Mkt&Fin,Placed
211.0,80.6,82.0,77.6,91.0,74.49,400000.0,M,Others,Others,Commerce,Comm&Mgmt,No,Mkt&Fin,Placed
212.0,58.0,60.0,72.0,74.0,53.62,275000.0,M,Others,Others,Science,Sci&Tech,No,Mkt&Fin,Placed
213.0,67.0,67.0,73.0,59.0,69.72,295000.0,M,Others,Others,Commerce,Comm&Mgmt,Yes,Mkt&Fin,Placed
214.0,74.0,66.0,58.0,70.0,60.23,204000.0,F,Others,Others,Commerce,Comm&Mgmt,No,Mkt&HR,Placed
215.0,62.0,58.0,53.0,89.0,60.22,288655.4054054054,M,Central,Others,Science,Comm&Mgmt,No,Mkt&HR,Not Placed
